team,player,n_matches,n_passes,actual_completion_rate,mean_xpass,completion_over_expected,mean_success_value,mean_failure_cost,total_expected_success_value,expected_success_value_per_100_passes,total_expected_failure_cost,expected_failure_cost_per_100_passes,total_expected_net_value,expected_net_value_per_100_passes,total_realized_value,realized_value_per_100_passes,total_execution_residual,execution_residual_per_100_passes,eligible_primary,actual_completion_rate_ci_low,actual_completion_rate_ci_high,mean_xpass_ci_low,mean_xpass_ci_high,execution_residual_per_100_passes_ci_low,execution_residual_per_100_passes_ci_high,expected_success_value_per_100_passes_ci_low,expected_success_value_per_100_passes_ci_high,expected_failure_cost_per_100_passes_ci_low,expected_failure_cost_per_100_passes_ci_high,expected_net_value_per_100_passes_ci_low,expected_net_value_per_100_passes_ci_high,realized_value_per_100_passes_ci_low,realized_value_per_100_passes_ci_high,decision_execution_quadrant,team_decision_reference,team_execution_reference,decision_rank_within_team,execution_rank_within_team,full_sample_baseline_per_100_passes,centered_expected_net_value_per_100_passes,centered_expected_net_value_per_100_passes_ci_low,centered_expected_net_value_per_100_passes_ci_high,centered_net_value_ci_direction,execution_ci_direction,eligible_primary_rechecked,corrected_decision_rank_within_team,corrected_execution_rank_within_team,eligible_players_in_team
AS Monaco,Adama Traoré,6,180,0.8666666666666667,0.8505039084444445,0.0161627582222222,0.0099759677385555,0.0903498651277777,0.8328267023799999,0.4626815013222222,2.08866881432,1.1603715635111111,-1.255842114633,-0.697690063685,-1.77748923864,-0.9874940214666664,2.90929648,1.6162758222222222,False,0.8490566037735849,0.8870967741935484,0.830545273504397,0.880540941499694,-0.2143314181964697,3.612058351111112,-0.0163695766985663,1.1603543582614375,1.0821583184684016,1.3262107778071457,-1.2095736283570953,-0.0961813320902912,-1.6375274644778697,-0.3575455216504547,Not eligible,,,11,11,-0.9528630592451951,0.2551729955601951,-0.25671056911190016,0.8566817271549039,Includes full-sample baseline,Includes zero,False,,,18
AS Monaco,Almamy Touré,10,349,0.6905444126074498,0.6840420226246419,0.0065023903266475,0.0529226921458051,0.0812459330401146,6.3194989158326,1.810744675023668,7.2990359802999984,2.091414321002865,-0.979537075124,-0.2806696490326648,-0.6557801571559999,-0.187902623826934,2.2693342240000005,0.6502390326647566,True,0.6213780788630757,0.7493265011485751,0.6351492742762526,0.7256506406527559,-2.545065443537069,3.622490084525179,1.555823537486588,2.056464913997869,1.829006329796019,2.408738453373282,-0.5610743328440498,0.043814906289173,-0.7371547035047754,0.2905210343528389,High decision value / High execution,-0.5409120527621053,0.550318538787024,3,13,-0.9528630592451951,0.6721934102125303,0.39178872640114526,0.996677965534368,Above full-sample baseline,Includes zero,True,2,7,18
AS Monaco,Andrea Raggi,31,985,0.7705583756345178,0.7705197732944162,3.860225888324681e-05,0.025484294957538,0.1011855358517766,9.868727263636,1.0019012450391878,12.754999708025,1.2949238282258884,-2.886272511902,-0.2930225900408122,-3.784768063748,-0.3842404125632487,0.0380232249999981,0.0038602258883246,True,0.729866217691011,0.8063231866363283,0.7449349202050508,0.7954483103233753,-2.429309528108423,2.2714492142600067,0.7717214022716169,1.2629858702224788,1.1271006875924847,1.4970484404367814,-0.4557939514193794,-0.1332709840434037,-0.7868248702581718,0.0111008095507267,High decision value / Low execution,-0.5409120527621053,0.550318538787024,4,17,-0.9528630592451951,0.6598404692043829,0.4970691078258157,0.8195920752017913,Above full-sample baseline,Includes zero,True,3,10,18
AS Monaco,Anthony Martial,3,56,0.7142857142857143,0.7210067232142857,-0.0067210080357142,0.0451539464,0.1173772773928571,0.70260759867,1.2546564261964286,1.9415367399,3.467029892678572,-1.2389291665000002,-2.2123735116071432,-1.2317507637,-2.1995549351785715,-0.37637645,-0.6721008035714285,False,0.6153846153846154,0.8947368421052632,0.6968607661538462,0.736111885,-11.1111885,17.62894063157895,-0.0607495152631578,2.5291369558333336,2.8111604066666667,5.157614199230769,-4.333328476923078,-0.2820235833333331,-3.2769193615384618,-0.5130795421052633,Not eligible,,,27,19,-0.9528630592451951,-1.259510452361948,-3.3804654176778826,0.670839475911862,Includes full-sample baseline,Includes zero,False,,,18
AS Monaco,Bernardo Mota Veiga de Carvalho e Silva,32,911,0.7607025246981339,0.7090641638748629,0.0516383607892425,0.0477965034988825,0.0944972863863885,9.789878168206002,1.0746298757635568,25.30450589976,2.7776625576026346,-15.514627735876,-1.7030326823135016,-13.037929516768,-1.4311667965716797,47.042546679,5.163836078924259,True,0.7299470695002643,0.7935850505607763,0.6927925912826554,0.7286272840448819,2.349015139677132,7.97090036944255,0.7752093704610084,1.4058328887374427,2.489812199414206,3.0812785186227063,-1.9896556472405185,-1.4072604335696324,-2.059921633050423,-0.7974708891444506,Low decision value / High execution,-0.5409120527621053,0.550318538787024,24,2,-0.9528630592451951,-0.7501696230683065,-1.0367925879953233,-0.4543973743244373,Below full-sample baseline,Above xPass expectation,True,16,1,18
AS Monaco,Danijel Subašić,36,579,0.6321243523316062,0.6407892237685665,-0.0086648713160621,0.0283439757356044,0.0858169281709844,3.861835986115001,0.6669837627141624,7.917552829765,1.3674529930509498,-4.055716817065999,-0.700469225745423,-3.425482450035,-0.5916204576917098,-5.016960491999999,-0.8664871316062174,True,0.584838461118251,0.6783993739187743,0.6021256871287468,0.6795904463749787,-3.6374535552558873,1.835827204504931,0.594195579471253,0.7399431877626227,1.25800289596676,1.474429969334508,-0.7831963409320919,-0.6180154234163207,-0.8466552253023187,-0.3166141696783536,Low decision value / Low execution,-0.5409120527621053,0.550318538787024,12,21,-0.9528630592451951,0.25239383349977207,0.1696667183131032,0.33484763582887445,Above full-sample baseline,Includes zero,True,9,13,18
AS Monaco,Elderson Uwa Echiejile,19,671,0.7153502235469449,0.7294632677183308,-0.0141130445886736,0.0382617112759657,0.0841497445767511,8.388971663977001,1.2502193239906112,11.95848583993,1.7821886497660206,-3.56951419619452,-0.5319693287920298,-6.011172387945,-0.8958528148949328,-9.469852919,-1.411304458867362,True,0.6640958263764684,0.7570388152966819,0.7083170767306459,0.748120015444758,-4.9619644387123225,1.643344543452164,1.006588851143905,1.4893486002372074,1.5927378942446284,1.9997650661004256,-0.6935746271699852,-0.3799464299318933,-1.537346561753031,-0.3382194413825402,High decision value / Low execution,-0.5409120527621053,0.550318538787024,9,23,-0.9528630592451951,0.42089373045316525,0.2592884320752099,0.5729166293133018,Above full-sample baseline,Includes zero,True,7,15,18
AS Monaco,Farès Bahlouli,6,92,0.7391304347826086,0.7622042219565216,-0.0230737874999999,0.0320546064927174,0.0848394309673913,0.37086982303,0.4031193728586957,1.84672024766,2.007304617021739,-1.4758504041000002,-1.6041852218478263,-1.3922527252100003,-1.5133181795760873,-2.12278845,-2.30737875,False,0.6740700483091787,0.8571428571428571,0.7166224860638298,0.8159543583675889,-5.356932141732283,4.570851823491378,-0.1545944164691357,0.8568815083935412,1.4546208708857145,2.392325823142857,-1.83728421373332,-1.4085486472340427,-2.51607101872043,-0.8003903416375001,Not eligible,,,21,24,-0.9528630592451951,-0.6513221626026312,-0.884421154488125,-0.4556855879888476,Below full-sample baseline,Includes zero,False,,,18
AS Monaco,Fábio Alexandre da Silva Coentrão,15,529,0.7334593572778828,0.7290423543648394,0.0044170026275992,0.0526199918218979,0.0828465793194706,10.108645141172,1.9108970021119092,9.58034161359,1.8110286604139885,0.5283034969659999,0.0998683359103969,-0.7353719328459998,-0.1390117075323251,2.33659439,0.4417002627599244,True,0.6971715539136458,0.7692352941176471,0.7019040292427612,0.7538957400932098,-2.476020780776408,3.5575293090178373,1.4588074767881123,2.3793512158004044,1.5923716705345967,2.1111902366675235,-0.460410772741244,0.6310476934457552,-0.7526630521152997,0.3535268952559592,High decision value / Low execution,-0.5409120527621053,0.550318538787024,1,15,-0.9528630592451951,1.0527313951555919,0.4924522865039511,1.5839107526909504,Above full-sample baseline,Includes zero,True,1,9,18
AS Monaco,Fábio Henrique Tavares,34,1493,0.7950435365036839,0.7652285699919624,0.0298149665813797,0.0306501564111835,0.0859169230616209,17.6020973492016,1.1789750401340655,25.372093650522,1.6994034595125251,-7.769996276929,-0.5204284177447421,-6.028406841742999,-0.4037780871897521,44.513745106,2.981496658137978,True,0.767212530068069,0.8175165669433185,0.7463833559468641,0.7814563218582382,0.8914449215569331,4.889063534315676,0.91622302117882,1.488377194717271,1.539337790810308,1.8860580160805387,-0.73645554002313,-0.3014035208928924,-0.8116908515779052,0.0005612256137641,High decision value / High execution,-0.5409120527621053,0.550318538787024,8,7,-0.9528630592451951,0.43243464150045297,0.21640751922206514,0.6514595383523027,Above full-sample baseline,Above xPass expectation,True,6,3,18
AS Monaco,Gabriel Boschilia,5,66,0.7727272727272727,0.7552735316060607,0.0174537423333333,0.0271178195691666,0.1105226740454545,0.827774595804,1.2542039330363637,1.8127322645,2.746564037121212,-0.98495767614,-1.4923601153636363,-1.090389410935,-1.6521051680833336,1.1519469940000002,1.7453742333333335,False,0.6607142857142857,0.913793103448276,0.7168069506444444,0.7994133180434781,-10.09337549375,13.180091965517242,0.6525702769323529,1.7006693332264706,2.1555376046551724,3.288211365694444,-2.054457900736765,-0.722974980912472,-3.729667719357143,0.8814760118103449,Not eligible,,,19,10,-0.9528630592451951,-0.5394970561184412,-1.1015948414915697,0.22988807833272307,Includes full-sample baseline,Includes zero,False,,,18
AS Monaco,Guido Marcelo Carrillo,31,493,0.6308316430020284,0.6548975198478703,-0.0240658770689655,0.0070631513812981,0.1102153548661257,-2.806545945206,-0.5692790963906693,18.55996580381,3.764698946006085,-21.36651178925,-4.33397805055781,-23.57224216539,-4.781387863162272,-11.864477395000002,-2.406587706896552,True,0.5766453732335115,0.6780040229885058,0.6176304490594122,0.6874646388350543,-5.407833486372656,0.1486394801709684,-0.9769505074705626,-0.2247544036040973,3.301978212351932,4.316705080689927,-4.982459019689024,-3.847425024086387,-5.5478263120607725,-4.127033011854025,Low decision value / Low execution,-0.5409120527621053,0.550318538787024,30,25,-0.9528630592451951,-3.3811149913126144,-4.029595960443829,-2.8945619648411918,Below full-sample baseline,Includes zero,True,18,16,18
AS Monaco,Hélder Wander Sousa Azevedo Costa,25,363,0.6749311294765841,0.6760978668099173,-0.0011667372617079,0.0611362719922975,0.0931380049504132,5.6326168849950005,1.551685092285124,11.17019631671,3.077189067964187,-5.537579453425,-1.5255039816597795,-8.172907569366,-2.251489688530578,-0.4235256259999995,-0.1166737261707987,True,0.6098740891891047,0.7361436349811503,0.6311107659521327,0.7168418291492601,-3.725681512032747,3.1124607288035606,1.0283414519532996,2.176651661836717,2.5570674488446605,3.7522473534864806,-2.133085417801687,-1.0214507887000468,-3.6688077403943393,-1.0200954884994793,Low decision value / Low execution,-0.5409120527621053,0.550318538787024,20,18,-0.9528630592451951,-0.5726409224145844,-1.1802223585564917,-0.0685877294548517,Below full-sample baseline,Includes zero,True,13,11,18
AS Monaco,Ivan Ricardo Neves Abreu Cavaleiro,11,150,0.7333333333333333,0.6987219156266667,0.0346114183066666,0.0519889250011333,0.1045457063333333,1.0103555203,0.6735703468666666,4.99096711907,3.327311412713333,-3.9806115916,-2.6537410610666665,-2.6244650637,-1.7496433757999996,5.191712745999999,3.461141830666666,False,0.7058823529411765,0.7670474003735991,0.652052590529027,0.7609994375843626,-1.7002680904563623,6.840248799800046,-0.066806607950641,1.3041919019826025,2.355095343194137,4.086987246361783,-3.212133878823281,-1.9440360690532392,-2.87375605364494,-0.107431669433378,Not eligible,,,29,6,-0.9528630592451951,-1.7008780018214713,-2.2592708195780857,-0.9911730098080441,Below full-sample baseline,Includes zero,False,,,18
AS Monaco,Jemerson de Jesus Nascimento,4,83,0.8192771084337349,0.7806447242168674,0.0386323845783132,0.0364742205889156,0.1015135786144578,1.064593944413,1.282643306521687,1.2152213295,1.4641220837349398,-0.15062739398,-0.1814787879277108,0.1641856279,0.1978140095180723,3.2064879200000003,3.8632384578313257,False,0.782608695652174,0.8636363636363636,0.7536047677272727,0.8019446601694915,-0.4945711237113399,11.003159590909087,0.7110549591304348,1.5585376977299,1.1652737038983052,1.754828434396552,-0.689087676,-0.0046549229999999,-0.4527448904465951,1.5458269478260869,Not eligible,,,2,5,-0.9528630592451951,0.7713842713174843,0.2637753832451951,0.9482081362451952,Above full-sample baseline,Includes zero,False,,,18
AS Monaco,João Filipe Iria Santos Moutinho,26,1330,0.8218045112781955,0.797192378763158,0.0246121325300751,0.0198458188221338,0.0814145097233082,6.874537961697,0.5168825535110525,20.00623468397,1.5042281717270676,-13.1316966751245,-0.987345614671015,-11.340591248822,-0.852676033746015,32.734136265000004,2.461213253007519,True,0.7890607081422019,0.8482626293505268,0.7804272218466055,0.8118781448975778,0.2728804919510504,4.293846152413999,0.3954134645409788,0.6378902146655584,1.4029832957515904,1.6339270128714871,-1.1747043188175637,-0.8396095006870272,-1.2022125844081966,-0.5697060272224652,Low decision value / High execution,-0.5409120527621053,0.550318538787024,15,9,-0.9528630592451951,-0.034482555425819905,-0.22184125957236855,0.11325355855816788,Includes full-sample baseline,Above xPass expectation,True,11,5,18
AS Monaco,Jérémy Toulalan,25,1418,0.7976022566995769,0.7920990710155149,0.0055031853878702,0.0198790509817858,0.0815365295451339,12.4724875859273,0.8795830455519958,17.07633783797,1.2042551366692529,-4.6038502511464,-0.324672091054048,-5.8122450714787,-0.4098903435457475,7.80351688,0.550318538787024,True,0.7705221699107583,0.8257391127487129,0.7713474001991298,0.811406495401623,-1.3855265089431208,2.359879864449817,0.7169744624541203,1.0666222551852045,1.0966677455343476,1.318400099311401,-0.4976376971345861,-0.1413330956387272,-0.6708826720190427,-0.1439137248585596,High decision value / High execution,-0.5409120527621053,0.550318538787024,5,14,-0.9528630592451951,0.6281909681911471,0.455225362110609,0.8115299636064679,Above full-sample baseline,Includes zero,True,4,8,18
AS Monaco,Kylian Mbappé Lottin,11,88,0.6136363636363636,0.709688993409091,-0.0960526297727272,0.0518653732495454,0.1102337159090909,1.70802603506,1.9409386762045453,2.9162183006,3.3138844325000005,-1.2081922353939998,-1.3729457220386363,-1.9358399851,-2.1998181648863637,-8.452631420000001,-9.605262977272728,False,0.5277777777777778,0.7091055718475073,0.6826622854297872,0.7381188898374998,-17.71911417614035,-1.012275147860508,1.0289929504117616,3.859104087996538,2.8030370672162834,3.951228935131356,-2.391583412342264,0.2274684754703713,-4.573538032902948,0.4052861408709427,Not eligible,,,18,31,-0.9528630592451951,-0.4200826627934412,-1.438720353097069,1.1803315347155663,Includes full-sample baseline,Below xPass expectation,False,,,18
AS Monaco,Lacina Traoré,18,182,0.510989010989011,0.5456047077802197,-0.0346156968461538,0.0464557095353846,0.1207842559010989,2.03000462385,1.1153871559615385,10.2196958275,5.615217487637363,-8.189691286599999,-4.499830377252747,-9.52112253456,-5.231386007999999,-6.300056825999999,-3.461569684615384,False,0.4451603068450039,0.5669850938256659,0.5134186361135484,0.5751953628163264,-8.98453382397364,1.4900602306951425,0.521684375723113,1.7927551203080576,4.896199318432292,6.5455288602338495,-5.410973328190983,-3.636721221325818,-7.119477361153134,-3.4669423779923094,Not eligible,,,31,29,-0.9528630592451951,-3.5469673180075514,-4.458110268945788,-2.683858162080623,Below full-sample baseline,Includes zero,False,,,18
AS Monaco,Layvin Kurzawa,3,145,0.7379310344827587,0.736885951586207,0.001045082275862,0.0360846646420689,0.0888396327862068,2.076729525835,1.4322272591965517,2.71277483584,1.8708791971310343,-0.63604532655,-0.4386519493448276,0.0207967441000001,0.0143425821379311,0.1515369300000006,0.1045082275862073,False,0.7027027027027027,0.7894736842105263,0.7079953329729729,0.7775706971929824,-0.6492274313725491,1.1902986666666668,1.1603725202192985,1.8875342967567568,1.4844563266140351,2.2449004232702703,-0.6256707578823529,-0.3240837935614035,-1.583301077764706,1.466322068648649,Not eligible,,,7,16,-0.9528630592451951,0.5142111099003674,0.32719230136284216,0.6287792656837916,Above full-sample baseline,Includes zero,False,,,18
AS Monaco,Marcos Paulo Mesquita Lopes,2,27,0.7777777777777778,0.8121515925925926,-0.0343738148148148,0.0063563700222222,0.095583054074074,0.0204803567,0.0758531729629629,0.51658626966,1.913282480222222,-0.49610590347,-1.837429272111111,-0.6152181339,-2.278585681111111,-0.928093,-3.4373814814814816,False,0.75,0.8,0.7812429133333333,0.8368785360000001,-3.6878536,-3.1242913333333324,-0.1778034253333333,0.3929239208333333,1.8234721191666663,1.9851307690666669,-2.1629341504666666,-1.4305481741666668,-3.60790784,-0.6169329825000002,Not eligible,,,26,28,-0.9528630592451951,-0.8845662128659159,-1.2100710912214714,-0.4776851149214717,Below full-sample baseline,Below xPass expectation,False,,,18
AS Monaco,Mario Pašalić,16,432,0.7800925925925926,0.8089274600694445,-0.0288348675925925,0.0127072394497037,0.0955672275486111,-0.0417204405569999,-0.0096575093881944,6.924325302870001,1.6028530793680558,-6.966045723395,-1.6125105841192129,-9.633328046224,-2.229937047737037,-12.4566628,-2.883486759259259,True,0.7426267509557879,0.8193643263757115,0.7827779029828881,0.8369226498088128,-5.627615711492835,-0.2642015263613232,-0.2774300715136698,0.2737451866466288,1.3505936606309883,1.8713379781319968,-1.92724060482302,-1.287572502658294,-2.914693569810752,-1.5407934177140938,Low decision value / Low execution,-0.5409120527621053,0.550318538787024,22,27,-0.9528630592451951,-0.6596475248740178,-0.9743775455778249,-0.33470944341309894,Below full-sample baseline,Below xPass expectation,True,14,18,18
AS Monaco,Mohamed Ilyes Salah Chaïbi,1,3,1.0,0.8848124999999999,0.1151875,0.003173704,0.1121802853333333,0.006794285,0.2264761666666667,0.0414430175,1.3814339166666665,-0.0346487336,-1.1549577866666667,0.009521112,0.3173704,0.3455625,11.51875,False,1.0,1.0,0.8848124999999999,0.8848124999999999,11.51875,11.51875,0.2264761666666667,0.2264761666666667,1.3814339166666665,1.3814339166666665,-1.1549577866666667,-1.1549577866666667,0.3173704,0.3173704,Not eligible,,,16,1,-0.9528630592451951,-0.2020947274214716,-0.2020947274214716,-0.2020947274214716,Below full-sample baseline,Above xPass expectation,False,,,18
AS Monaco,Nabil Dirar,20,707,0.6647807637906648,0.6727917581499292,-0.008010994056577,0.061886813370512,0.0960231610820367,9.890058372839,1.3988767146872705,21.372759478802,3.0230211426876945,-11.48270113657,-1.6241444323295613,-13.971661534778,-1.9761897503222063,-5.663772798,-0.8010994056577087,True,0.6192196641592584,0.7093719574323559,0.652716313111621,0.6942302331903952,-3.907074763596424,2.066249109484988,0.9825125288273896,1.8302486339526365,2.638468425570325,3.399663233672495,-2.01809663421286,-1.169514625324287,-2.8884827967642384,-0.968745611589474,Low decision value / Low execution,-0.5409120527621053,0.550318538787024,23,20,-0.9528630592451951,-0.6712813730843662,-1.0652335749676647,-0.21665156607909186,Below full-sample baseline,Includes zero,True,15,12,18
AS Monaco,Paul Nardi,2,28,0.8928571428571429,0.8424114042857143,0.0504457375,0.0091360950145714,0.1629036428214285,0.088345509167,0.3155196755964286,0.31194089176,1.1140746134285715,-0.22359538616,-0.7985549505714286,-0.050962348492,-0.1820083874714286,1.4124806500000002,5.0445737500000005,False,0.8181818181818182,0.9411764705882352,0.7275695990909091,0.9167208076470588,2.445566294117647,9.061221636363635,0.1540652675117647,0.5650401244545454,0.8859599497647058,1.4666154572727272,-0.901575348181818,-0.7318946932941176,-0.3218318378352941,0.0340823994545454,Not eligible,,,13,3,-0.9528630592451951,0.15430810867376654,0.05128771106337715,0.2209683659510775,Above full-sample baseline,Above xPass expectation,False,,,18
AS Monaco,Ricardo Alberto Silveira de Carvalho,33,1377,0.879448075526507,0.851050436688453,0.0283976390196078,0.0121516887882483,0.102893553345679,8.421110618478,0.6115548742540305,13.009569976379002,0.9447763236295572,-4.5884593784617005,-0.3332214508686783,-1.934720456152,-0.1405025748839506,39.10354893,2.8397639019607843,True,0.8547655068078669,0.902962802768166,0.8359113514843712,0.8659912602669098,1.230637828966718,4.375578561780908,0.5258847995073076,0.6990749885126405,0.8473893900245906,1.0640378691477292,-0.4758126010896972,-0.2325885879158628,-0.4378500810869881,0.1321301315604842,High decision value / High execution,-0.5409120527621053,0.550318538787024,6,8,-0.9528630592451951,0.6196416083765168,0.4770504581554979,0.7202744713293323,Above full-sample baseline,Above xPass expectation,True,5,4,18
AS Monaco,Stephan El Shaarawy,15,271,0.8228782287822878,0.7795043902214022,0.0433738392619926,0.0247105982953321,0.0988177716494464,1.603976821293,0.5918733657907749,6.3072907778400005,2.327413571158672,-4.7033139827591,-1.735540215040258,-2.578420751695,-0.9514467718431734,11.754310440000005,4.337383926199263,True,0.7567246991517065,0.8940793829449152,0.7529789692972757,0.8035873416102154,-1.7239678502073736,10.395329294637676,0.2573550453447241,0.9520467573218364,2.010354667348455,2.7401475708497864,-2.157076713237001,-1.383837369915614,-2.1850123891870044,0.3582156087644936,Low decision value / High execution,-0.5409120527621053,0.550318538787024,25,4,-0.9528630592451951,-0.7826771557950628,-1.2042136539918058,-0.4309743106704188,Below full-sample baseline,Includes zero,True,17,2,18
AS Monaco,Thomas Lemar,26,816,0.7720588235294118,0.7609648389497549,0.0110939843284313,0.0358722245108529,0.0916969763345588,7.321003326123,0.8971817801621323,18.15984329471,2.2254709919987747,-10.838839995408,-1.3282892151235297,-12.429195018806,-1.5231856640693626,9.052691211999996,1.109398432843137,True,0.7371618141191728,0.8097561930928936,0.7437424550352687,0.7789362029893376,-2.4601054439117966,4.400893008993771,0.5872548611706695,1.244233215753413,2.010821791640025,2.438282159258516,-1.5852379323882209,-1.036138468583638,-2.1397537020372948,-0.9163289855855444,Low decision value / High execution,-0.5409120527621053,0.550318538787024,17,12,-0.9528630592451951,-0.3754261558783346,-0.6323748731430258,-0.0832754093384428,Below full-sample baseline,Includes zero,True,12,6,18
AS Monaco,Tiemoué Bakayoko,19,746,0.8418230563002681,0.8554615643378016,-0.0136385078096514,0.0060131715273632,0.0883228646836461,1.6786734610603,0.2250232521528552,8.174581794056,1.0957884442434316,-6.495908340533,-0.8707651931009384,-8.276073335936001,-1.1093932085705094,-10.174326826,-1.3638507809651477,True,0.8010344827586207,0.878605794151187,0.8332964827425473,0.8758316353047766,-4.456051394134629,1.7917338322602134,0.0737105109572827,0.3623826158088357,0.9336455298218244,1.2899347320957608,-1.1104820329434135,-0.6225687193880274,-1.556633103734521,-0.7504220930147577,Low decision value / Low execution,-0.5409120527621053,0.550318538787024,14,22,-0.9528630592451951,0.08209786614425674,-0.15761897369821842,0.3302943398571677,Includes full-sample baseline,Includes zero,True,10,14,18
AS Monaco,Vágner Silva de Souza,12,193,0.6839378238341969,0.7260213474507773,-0.0420835236165802,0.0181102729931606,0.1008550142072538,0.6176615418440001,0.3200318869658032,5.16194400967,2.674582388430052,-4.5442824869,-2.3545505113471505,-6.07545244683,-3.1479028221917096,-8.122120057999997,-4.208352361658029,False,0.6382951994012617,0.7371625615763546,0.6824510468553477,0.7628264496288858,-6.669644126064874,-0.935402356974294,-0.1513050529986287,0.7677850077897366,2.230334074219161,3.170131951369447,-3.0012579721821626,-1.720246812581178,-3.7644511485370367,-2.510056153317199,Not eligible,,,28,30,-0.9528630592451951,-1.4016874521019553,-2.0483949129369674,-0.767383753335983,Below full-sample baseline,Below xPass expectation,False,,,18
AS Monaco,Wallace Fortuna dos Santos,26,950,0.7673684210526316,0.7949815050210526,-0.0276130842631578,0.0159430848576747,0.0984408138873684,6.291179507176,0.662229421808,11.42984397947,1.203141471523158,-5.138664501240001,-0.5409120527621053,-9.514128059237,-1.0014871641302103,-26.23243005,-2.761308426315789,True,0.7250685833723424,0.8037844062849194,0.7744779396725014,0.813812804829313,-5.303389444056303,-0.6854393646775886,0.5331048757497774,0.7863403458206562,1.09272617921949,1.3293082137731107,-0.6986069787361967,-0.4001698884788488,-1.3525375251917733,-0.692022031179879,High decision value / Low execution,-0.5409120527621053,0.550318538787024,10,26,-0.9528630592451951,0.4119510064830898,0.2542560805089984,0.5526931707663463,Above full-sample baseline,Below xPass expectation,True,8,17,18
Athletic Club,Ager Aketxe Barrutia,3,81,0.7407407407407407,0.6590285552098765,0.0817121854074074,0.0404504700369135,0.0946976840246913,0.3839105722729999,0.4739636694728394,2.7073206457,3.342371167530864,-2.3234100889,-2.868407517160493,-2.41507232638,-2.9815707733086425,6.618687018000001,8.17121854074074,False,0.6666666666666666,0.7692307692307693,0.6362171805,0.6786155355641027,1.4267360833333325,9.711615150000002,0.3117873487766666,0.6392001441666667,3.050942677692308,4.965375475,-4.326175308333333,-2.5030700130769232,-7.514044508333334,-2.129505808,Not eligible,,,22,2,-0.9528630592451951,-1.9155444579152978,-3.373312249088138,-1.550206953831728,Below full-sample baseline,Above xPass expectation,False,,,20
Athletic Club,Ander Iturraspe Derteano,16,404,0.8044554455445545,0.7429850829133663,0.0614703623589108,0.0203428660025198,0.0839214103910891,1.5670119149909998,0.3878742363839109,7.2033310923,1.7830027456188118,-5.636319182039999,-1.3951285104059403,-3.81280261213,-0.9437630228044556,24.834026393,6.14703623589109,True,0.7710084714089946,0.8375686754095942,0.7207479448009402,0.7619533422205086,3.656744245842472,8.96910410419964,0.2189563250926341,0.5764117644059638,1.5288471028995123,2.135424354488327,-1.687390335000129,-1.1875780093996455,-1.4359643357838414,-0.3840993285053144,Low decision value / High execution,-0.847482984938748,1.4218403632596688,14,3,-0.9528630592451951,-0.4422654511607452,-0.7345272757549338,-0.23471495015445043,Below full-sample baseline,Above xPass expectation,True,13,1,20
Athletic Club,Aritz Aduriz Zubeldia,34,723,0.6085753803596127,0.6057310733803597,0.0028443072558782,0.0301332796201134,0.1161936537206085,4.6259004082956,0.6398202501100414,34.258589241349995,4.738394085940525,-29.6326889599,-4.098573853374827,-30.162211472688,-4.171813481699585,2.0564341460000035,0.2844307255878289,True,0.5712228950051856,0.6457630792227205,0.57683808619624,0.6311598460029963,-3.394079191721932,3.7855911647439418,0.3053280098817272,0.9718984629296648,4.361603809586385,5.102368364989868,-4.532833044704164,-3.682890095880047,-4.890427006033889,-3.45937957308107,Low decision value / Low execution,-0.847482984938748,1.4218403632596688,24,17,-0.9528630592451951,-3.1457107941296316,-3.579969985458969,-2.730027036634852,Below full-sample baseline,Includes zero,True,20,13,20
Athletic Club,Aymeric Laporte,26,1261,0.816812053925456,0.8010471683425852,0.0157648855273592,0.019901449173163,0.1140775043045202,9.898417629903598,0.7849657121255827,15.375684841024,1.2193247296609042,-5.477267195725,-0.4343590163144329,-5.802677527551401,-0.4601647523831405,19.87952065,1.5764885527359238,True,0.791856732529512,0.8399754092295332,0.7870413393158302,0.8147823462268153,0.0012572263019791,2.968193011205179,0.6851945066877458,0.904985599123544,1.131795280216261,1.3312681076418336,-0.5555400359844536,-0.3193977358293074,-0.6777542660156722,-0.2260118821885149,High decision value / High execution,-0.847482984938748,1.4218403632596688,1,11,-0.9528630592451951,0.5185040429307621,0.39732302326074154,0.6334653234158877,Above full-sample baseline,Above xPass expectation,True,1,7,20
Athletic Club,Beñat Etxebarria Urkiaga,36,1805,0.8055401662049861,0.7864301454127424,0.019110020903047,0.0248248827927307,0.091631705234349,13.5750562254225,0.7520806773087257,28.872124178331,1.5995636663895292,-15.2970678781444,-0.847482984938748,-14.195581045727,-0.7864587836967867,34.49358773,1.9110020903047087,True,0.7819592901318669,0.8272673927727119,0.7704437526756407,0.8014419718106147,0.2840361086329344,3.2105290518817884,0.5844302602559505,0.9193909381700044,1.4816672766403167,1.7116268831831956,-0.9994536630663138,-0.6914689983091896,-1.068890772154521,-0.5067295974301678,High decision value / High execution,-0.847482984938748,1.4218403632596688,7,7,-0.9528630592451951,0.10538007430644714,-0.04659060382111868,0.2613940609360055,Includes full-sample baseline,Above xPass expectation,True,7,4,20
Athletic Club,Borja Viguera Manzanares,8,90,0.7111111111111111,0.6521718720555556,0.0589392378333333,0.0414266277467777,0.1146784087444444,0.51744694544,0.574941050488889,3.86360980316,4.292899781288889,-3.3461628553,-3.717958728111111,-3.10450798654,-3.4494533183777776,5.304531405,5.893923783333333,False,0.6527626811594203,0.7528293437550887,0.5937873661206897,0.6905963891782647,2.3771225445989304,9.411504936765148,-0.554860208892668,1.7426477702047989,3.1407835208250297,5.069387834469142,-5.183186091282473,-2.16693418,-4.604946179334759,-1.301586215,Not eligible,,,23,5,-0.9528630592451951,-2.7650956688659156,-4.230323032037278,-1.214071120754805,Below full-sample baseline,Above xPass expectation,False,,,20
Athletic Club,Carlos Gurpegi Nausia,14,524,0.7977099236641222,0.7886567996183206,0.0090531239885496,0.0153252943410935,0.1140951726125954,2.6786918499590007,0.5112007347250002,7.195757041354,1.3732360765942748,-4.517065196586,-0.8620353428599236,-4.345704804244,-0.8293329779091603,4.743836969999999,0.9053123988549616,True,0.7561893544594761,0.8387111383824217,0.7525231021759995,0.826434469070027,-1.437429677281145,3.168802510937793,0.245359990112268,0.726220958796572,1.1260755175287536,1.6002344941069682,-1.02930883773107,-0.6994087465984385,-1.1359156728809463,-0.5153124251066917,Low decision value / Low execution,-0.847482984938748,1.4218403632596688,8,15,-0.9528630592451951,0.09082771638527154,-0.07644577848587486,0.25345431264675655,Includes full-sample baseline,Includes zero,True,8,11,20
Athletic Club,Eneko Bóveda Altube,23,843,0.7603795966785291,0.75128393128707,0.0090956656642941,0.0265371033752239,0.1024194633594306,6.927118534410599,0.8217222460748042,13.459042680196,1.5965649679947806,-6.531924135055,-0.7748427206470937,-4.8575654210922,-0.5762236561200712,7.667646154999999,0.9095665664294186,True,0.7145410074363026,0.7990788644118083,0.7131703468633686,0.7827571984348229,-1.159096413041207,2.832478982373241,0.5948543526620597,1.1002839265943138,1.3127179013111636,1.9076369258007424,-0.9713018084547548,-0.5961323224688087,-1.0345997376057452,-0.1099344255422954,High decision value / Low execution,-0.847482984938748,1.4218403632596688,4,14,-0.9528630592451951,0.1780203385981014,-0.01843874920955968,0.35673073677638645,Includes full-sample baseline,Includes zero,True,4,10,20
Athletic Club,Enrique Sola Clemente,3,15,0.5333333333333333,0.6149981066666668,-0.0816647753333333,0.0102332155466666,0.1549657686666666,-0.10112180035,-0.6741453356666667,0.9273939098,6.182626065333334,-1.0285157022,-6.856771348,-1.3811728088000002,-9.207818725333334,-1.22497163,-8.166477533333333,False,0.4615384615384615,1.0,0.5664087446153846,0.97009015,-10.487028538461535,10.843223,-0.9417087,0.42034085,0.2498355199999999,6.906584112307693,-7.644338857692308,0.17050533,-10.576487898461538,0.4333008,Not eligible,,,25,25,-0.9528630592451951,-5.9039082887548044,-6.6914757984471125,1.123368389245195,Includes full-sample baseline,Includes zero,False,,,20
Athletic Club,Gorka Elustondo Urkola,11,242,0.8181818181818182,0.8032731293842975,0.0149086890454545,0.0148673431285123,0.0946197507272727,0.7814729729479999,0.3229227160942148,3.141266542088,1.2980440256561985,-2.3597935776820003,-0.9751213130917356,-2.38859292926,-0.9870218715950412,3.607902748999999,1.490868904545454,True,0.6895370807746812,0.9067804203875828,0.734531315276653,0.86469655109197,-4.791363355441565,6.408155336954223,-0.0743677601561497,0.6459820750707803,0.9798610495476971,1.7014085310558005,-1.406026561859938,-0.6922650205544311,-1.795004328812374,-0.3819308685099106,Low decision value / High execution,-0.847482984938748,1.4218403632596688,11,12,-0.9528630592451951,-0.022258253846540454,-0.4531635026147428,0.26059803869076403,Includes full-sample baseline,Includes zero,True,10,8,20
Athletic Club,Gorka Iraizoz Moreno,37,970,0.6195876288659794,0.5597925675886599,0.0597950614329896,0.0350560989652327,0.0726261042257731,8.6540538780602,0.8921705028928042,16.34801267962,1.6853621319195875,-7.6939587930815,-0.793191628152732,-1.0460930791741996,-0.1078446473375463,58.00120959,5.979506143298969,True,0.5786874340505574,0.6585079191994184,0.527977905438489,0.5921065843848238,3.6380898431978346,8.281245360789406,0.801295184527483,0.9872886037875024,1.5997321643001146,1.7707464956809689,-0.8648780907195305,-0.7233977108438304,-0.3603493039910072,0.1353544739953836,High decision value / High execution,-0.847482984938748,1.4218403632596688,6,4,-0.9528630592451951,0.15967143109246307,0.08798496852566462,0.22946534840136468,Above full-sample baseline,Above xPass expectation,True,6,2,20
Athletic Club,Iago Herrerín Buisán,2,53,0.5849056603773585,0.4910912766037735,0.0938143837735848,0.036346085669566,0.0530367641320754,0.5262897206,0.9929994728301887,0.9937893273,1.87507420245283,-0.4674996117499999,-0.8820747391509434,-0.1402628788129999,-0.2646469411566037,4.972162339999999,9.381438377358489,False,0.4210526315789473,0.6764705882352942,0.3790698615789473,0.553691479117647,4.198277157894736,12.27791082352941,0.7248747888647058,1.472801538873684,1.823347368529412,1.967638010526316,-1.0984725846176473,-0.4948364893684211,-0.4457054027941177,0.0593524112473683,Not eligible,,,9,1,-0.9528630592451951,0.07078832009425173,-0.1456095253724522,0.458026569876774,Includes full-sample baseline,Above xPass expectation,False,,,20
Athletic Club,Ibai Gómez Pérez,5,48,0.625,0.6089146652916667,0.0160853345,0.0803131651687499,0.0994151579791666,0.75885310507,1.580943968895833,2.0919728128,4.358276693333333,-1.3331196964499998,-2.7773327009374995,-1.312480781,-2.7343349604166662,0.7720960560000001,1.60853345,False,0.5,0.7586206896551724,0.55914635675,0.6682830514230769,-6.679734219415508,11.238135855172414,0.6275170791428573,2.73871300536875,3.380333036515151,6.687572145833333,-4.9814565606666665,-1.5132942915789471,-7.41484949175,-0.5956188385633807,Not eligible,,,20,10,-0.9528630592451951,-1.8244696416923043,-4.028593501421471,-0.560431232333752,Below full-sample baseline,Includes zero,False,,,20
Athletic Club,Iker Muniain Goñi,20,531,0.8342749529190208,0.7839227108079097,0.0503522423069679,0.0181092456304237,0.0919755815103578,2.497181939873,0.4702790847218456,9.85969726111,1.8568168100018831,-7.3625153009259,-1.386537721454972,-4.380521895439999,-0.8249570424557437,26.737040665,5.035224230696799,True,0.7961491031390134,0.8726909722222222,0.7680116728956875,0.7992478144400147,1.9121249033252203,8.131970270576545,0.1097183829697214,0.8456911672840364,1.6495502150826566,2.070549968245221,-1.6159822191195203,-1.1180177123567212,-1.4298214776718892,-0.1660004755565056,Low decision value / High execution,-0.847482984938748,1.4218403632596688,13,6,-0.9528630592451951,-0.4336746622097768,-0.6631191598743252,-0.1651546531115261,Below full-sample baseline,Above xPass expectation,True,12,3,20
Athletic Club,Iñaki Williams Arthuer,24,469,0.605543710021322,0.6656528635735609,-0.0601091531257995,0.0498535948776887,0.1052262347014925,6.648289574282499,1.4175457514461618,16.999083964190003,3.624538158675907,-10.35079432171,-2.2069923926887,-17.869115483924002,-3.810045945399574,-28.191192816,-6.010915312579957,True,0.5506383470086399,0.6573126952305469,0.6415579318845595,0.6906828979675853,-10.420170511202262,-2.133749732767993,0.9730213631469607,1.8710017510356745,3.235949401365178,4.048892324885099,-2.5626053408574427,-1.8012987805614342,-4.690602740184969,-2.818600093335585,Low decision value / Low execution,-0.847482984938748,1.4218403632596688,18,24,-0.9528630592451951,-1.2541293334435046,-1.6097422816122475,-0.8484357213162391,Below full-sample baseline,Below xPass expectation,True,17,20,20
Athletic Club,Javier Eraso Goñi,16,250,0.728,0.73870059492,-0.0107005947199999,0.017740596332212,0.1003597768119999,0.7415637928529999,0.2966255171411999,6.34718201976,2.538872807904,-5.605618196,-2.2422472784000003,-5.89220330279,-2.356881321116,-2.675148679999999,-1.0700594719999996,True,0.6746538409884502,0.794392523364486,0.706876925829088,0.7699737605045274,-4.253818669042826,3.0255471695577096,-0.0661873376713845,0.6344439773461602,2.279633044931561,2.8112438148113883,-2.728473378968828,-1.7630847753148868,-3.140632769569782,-1.2400529288156117,Low decision value / Low execution,-0.847482984938748,1.4218403632596688,19,19,-0.9528630592451951,-1.289384219154805,-1.7756103197236328,-0.8102217160696917,Below full-sample baseline,Includes zero,True,18,15,20
Athletic Club,Markel Susaeta Laskurain,28,724,0.7071823204419889,0.6929639167596685,0.0142184036325966,0.0516124352559737,0.0992646686685083,8.778251247973,1.2124656419852209,23.45842573179,3.24011405135221,-14.6801744951,-2.0276484109254143,-8.093206751327,-1.1178462363711323,10.29412423,1.4218403632596688,True,0.6623796782876186,0.7439024390243902,0.6739436896303258,0.7079512476681643,-1.7047476258242549,4.155502434818041,0.924364739264502,1.535309144081166,2.951351704398487,3.5364421670051702,-2.3328109305440816,-1.7425905498170575,-2.180351942925611,-0.0488956831023421,Low decision value / High execution,-0.847482984938748,1.4218403632596688,16,13,-0.9528630592451951,-1.074785351680219,-1.3799478712988864,-0.7897274905718624,Below full-sample baseline,Includes zero,True,15,9,20
Athletic Club,Mikel Balenziaga Oruesagasti,34,1157,0.7329299913569577,0.7162354754528953,0.0166945161892826,0.0418518009494148,0.0841698061114952,14.31649843197,1.2373810226421782,23.44649731088,2.026490692383751,-9.129998875594,-0.7891096694549697,-5.624078532974,-0.4860914894532411,19.315555231,1.6694516189282629,True,0.7019650419151326,0.7642857381101998,0.6939809733034135,0.7390822377641952,-0.0415832273120523,3.669622717330956,1.02627934191209,1.462717284224176,1.8526856647252803,2.218207350515864,-0.9299844664878832,-0.6379406906259967,-0.9327238849432564,0.0315283974333389,High decision value / High execution,-0.847482984938748,1.4218403632596688,5,8,-0.9528630592451951,0.16375338979022536,0.022878592757311855,0.3149223686191984,Above full-sample baseline,Includes zero,True,5,5,20
Athletic Club,Mikel Rico Moreno,17,371,0.7466307277628033,0.7685286280592991,-0.0218979001886792,0.0152233949328032,0.0848016094932614,0.1600899545899998,0.0431509311563342,6.491501030876,1.749730736085175,-6.33141105987,-1.706579800504043,-7.0305249361,-1.8950201984097037,-8.124120970000002,-2.189790018867925,True,0.7106533020053275,0.7891170998313856,0.7420785620224273,0.7909297748574585,-5.2991605298715525,1.4046867523353272,-0.1271543505931509,0.3000595036967939,1.5026263700720337,2.0421266099310107,-1.9630861403510849,-1.4565345671318035,-2.3347102184933903,-1.439155266806465,Low decision value / Low execution,-0.847482984938748,1.4218403632596688,15,22,-0.9528630592451951,-0.7537167412588478,-1.0102230811058899,-0.5036715078866084,Below full-sample baseline,Includes zero,True,14,18,20
Athletic Club,Mikel San José Domínguez,34,1502,0.7896138482023968,0.7729954531498002,0.0166183948528628,0.0177603160551664,0.0879735900326231,9.090619400151,0.6052343142577231,23.70541036298,1.578256349066578,-14.614790985766,-0.973022036335952,-14.040680735421,-0.9347989837164448,24.960829069000003,1.661839485286285,True,0.7606965562053281,0.8168578401044658,0.7492461404400226,0.7958838905178607,-0.0260517242336571,3.1417917562503925,0.4726390513988163,0.7450482011008036,1.406331178886702,1.7521568224677275,-1.110473224838206,-0.8184030066905044,-1.2018288840626816,-0.6915065123957191,Low decision value / High execution,-0.847482984938748,1.4218403632596688,10,9,-0.9528630592451951,-0.02015897709075687,-0.157610165593011,0.13446005255469073,Includes full-sample baseline,Includes zero,True,9,6,20
Athletic Club,Raúl García Escudero,30,947,0.617740232312566,0.6556300029450898,-0.0378897705163674,0.036053157584794,0.0917752829440338,9.290794491462,0.981076503850264,29.190001713915,3.0823655452919745,-19.89920725109,-2.101289044465681,-28.442140983082,-3.003393979206125,-35.881612679,-3.788977051636748,True,0.581406031121039,0.6525129767776827,0.6296283271423508,0.6825689639629395,-6.263796011414976,-1.464881120454696,0.696778259913107,1.2759311356209917,2.831672364596689,3.3541549722887263,-2.4025417531148574,-1.7972109923100146,-3.517065650909754,-2.5431197685455142,Low decision value / Low execution,-0.847482984938748,1.4218403632596688,17,23,-0.9528630592451951,-1.1484259852204857,-1.4496786938696622,-0.8443479330648195,Below full-sample baseline,Below xPass expectation,True,16,19,20
Athletic Club,Sabin Merino Zuloaga,21,318,0.6446540880503144,0.6576720586666668,-0.0130179706981132,0.0428934250186792,0.103295994654088,2.651442459504,0.8337869369509433,11.529890965059998,3.6257518758050313,-8.878448493325,-2.791964935007861,-10.77525327796,-3.388444427031447,-4.139714682,-1.3017970698113208,True,0.5744217356758189,0.7061037852368497,0.6143354297646083,0.6976363996818314,-5.974429458966999,2.6727787424254785,0.479912689855304,1.24489569856444,3.1790496953822864,4.116166742743282,-3.2363636453948743,-2.4039908281607527,-4.627572283548849,-2.2221182689368724,Low decision value / Low execution,-0.847482984938748,1.4218403632596688,21,20,-0.9528630592451951,-1.8391018757626658,-2.283500586149679,-1.4511277689155575,Below full-sample baseline,Includes zero,True,19,16,20
Athletic Club,Xabier Etxeita Gorritxategi,30,1164,0.7920962199312714,0.7997039048891752,-0.0076076850438144,0.0147666109239992,0.1010178356065292,7.219708596890701,0.6202498794579641,13.749302617645,1.1812115650897768,-6.5295940069231,-0.5609616844435652,-9.0253670685585,-0.7753751777112114,-8.855345391,-0.7607685043814434,True,0.7580629805665781,0.8217722576813733,0.776548806452613,0.8223865402751526,-2.526249833570993,0.8919333980831048,0.4959859761549927,0.746245172611931,1.030205541394872,1.3371850184959668,-0.6942875311237139,-0.4505333948525696,-1.0544419592492449,-0.5614441717752253,High decision value / Low execution,-0.847482984938748,1.4218403632596688,2,18,-0.9528630592451951,0.3919013748016299,0.2585755281214812,0.5023296643926255,Above full-sample baseline,Includes zero,True,2,14,20
Athletic Club,Íñigo Lekue Martínez,20,510,0.7156862745098039,0.7099279455627452,0.0057583289588235,0.0456458101542666,0.0911769723,6.192308663004001,1.2141781692164708,12.364156877015,2.424344485689216,-6.1718482369331,-1.2101663209672744,-6.008587800073999,-1.178154470602745,2.9367477689999992,0.5758328958823528,True,0.6666500994035784,0.7541940805481478,0.6582209678784429,0.7516571600928531,-1.6487313028087194,2.9211430631890805,0.990570663319007,1.4578288301079827,2.010707834217439,2.992379760018205,-1.6939868861957526,-0.872067293962423,-1.7814086920117278,-0.663262124090992,Low decision value / Low execution,-0.847482984938748,1.4218403632596688,12,16,-0.9528630592451951,-0.2573032617220793,-0.7411238269505575,0.0807957652827721,Includes full-sample baseline,Includes zero,True,11,12,20
Athletic Club,Óscar de Marcos Arana,34,1250,0.6736,0.69274055596,-0.0191405561919999,0.0500200291769164,0.0885857891572,21.329941114044203,1.7063952891235363,28.93884390638,2.3151075125104,-7.608902750609101,-0.608712220048728,-13.5144692819985,-1.08115754255988,-23.92569524,-1.9140556192,True,0.6444595932791385,0.7046064953177924,0.6730561520265953,0.7118400794408706,-4.082249538498258,0.3457662203884719,1.540025472620744,1.868999565432241,2.13887393900082,2.5129138118125565,-0.8370441158099731,-0.3939860395312701,-1.5045220581148098,-0.6064019789353713,High decision value / Low execution,-0.847482984938748,1.4218403632596688,3,21,-0.9528630592451951,0.34415083919646705,0.11581894343522203,0.558877019713925,Above full-sample baseline,Includes zero,True,3,17,20
Bayer Leverkusen,Adam Hložek,19,154,0.8441558441558441,0.8222054930519481,0.0219503511688311,0.0047059524541558,0.1142714368051948,-0.40107556953,-0.260438681512987,3.04481508319,1.9771526514220776,-3.445890636110001,-2.237591322149351,-2.85003493576,-1.850672036207792,3.38035408,2.195035116883117,False,0.7685084541062802,0.8962974254742547,0.7752871631015488,0.8525158362890397,-3.337923435166868,7.162143783274375,-0.91392112630017,0.558192966649699,1.5384793788290525,2.652092358650527,-2.9800598821118536,-1.5290070195368264,-3.6489141807634993,-0.0032200125194481,Not eligible,,,21,15,-0.9528630592451951,-1.2847282629041556,-2.0271968228666584,-0.5761439602916313,Below full-sample baseline,Includes zero,False,,,17
Bayer Leverkusen,Alejandro Grimaldo García,33,1814,0.8335170893054025,0.8066894599592063,0.0268276293891951,0.0363363942551571,0.0987688352458655,20.631309096429,1.1373378774216647,34.13986599822,1.88202127884344,-13.508556929557002,-0.7446834029524257,-9.407850014422,-0.5186245873441016,48.665319712000006,2.682762938919516,True,0.8103241136545588,0.8552545093892353,0.7939248260012095,0.8208620010888255,1.0622301560075411,4.306220647418047,0.9285949543239602,1.3757032617960545,1.7049987816957026,2.0643546083507505,-0.9602171362535378,-0.5293516569340682,-0.967494906596408,-0.0887031201410279,Low decision value / High execution,-0.5357169151650102,2.682762938919516,14,11,-0.9528630592451951,0.20817965629276936,-0.007354077008342674,0.42351140231112694,Includes full-sample baseline,Above xPass expectation,True,10,6,17
Bayer Leverkusen,Amine Adli,23,454,0.7995594713656388,0.7903907449207048,0.009168727061674,0.0304453219715903,0.1079869385264317,5.689100940149,1.2531059339535242,10.39542888151,2.2897420443854624,-4.706327859560501,-1.0366360924142073,-6.595275486749999,-1.4527038517070483,4.1626020860000015,0.9168727061674012,True,0.766828625442615,0.8317095650219175,0.7686166435246945,0.8112385415267541,-2.423946113662192,4.1170878511641495,0.7972927310669461,1.774242825076257,1.905212474859168,2.737353015203356,-1.4874784502231349,-0.5312248819520078,-2.4037734485690367,-0.4792374036800495,Low decision value / Low execution,-0.5357169151650102,2.682762938919516,17,17,-0.9528630592451951,-0.08377303316901219,-0.5346153909779398,0.4216381772931873,Includes full-sample baseline,Includes zero,True,13,11,17
Bayer Leverkusen,Arthur Augusto de Matos Soares,4,96,0.8645833333333334,0.8212190383333334,0.0433642945833333,0.0397155863297916,0.1072563151354166,1.66728344735,1.7367535909895837,1.94490898035,2.02594685453125,-0.2776255365054,-0.289193267193125,0.0628046283599999,0.0654214878749999,4.16297228,4.336429458333334,False,0.7954545454545454,0.9230769230769232,0.8093625225165563,0.8599965885714286,-2.026579744,10.537616140625,0.9202853739523812,2.044736053248322,1.8204494009215688,2.4044470595932204,-1.1755737335238097,0.1456193739519999,-1.8301154143103449,1.8172261955156248,Not eligible,,,6,4,-0.9528630592451951,0.6636697920520701,-0.22271067427861457,1.098482433197195,Includes full-sample baseline,Includes zero,False,,,17
Bayer Leverkusen,Borja Iglesias Quintas,7,77,0.7792207792207793,0.7849111177922077,-0.0056903381818181,0.0076416723044155,0.1455779501298701,-0.33111129188,-0.4300146647792208,2.68271720494,3.484048318103896,-3.0138284894000003,-3.914062973246754,-3.55972716676,-4.623022294493506,-0.4381560399999998,-0.569033818181818,False,0.6666666666666666,0.8593818530701754,0.7589474751198553,0.8253947204696114,-11.19269124074074,6.1676327150913615,-1.430687117509091,0.2658143777827588,3.056017726788091,4.089816879129732,-5.370144994738644,-2.929862113545646,-7.4509310537771585,-2.4687975419912283,Not eligible,,,23,20,-0.9528630592451951,-2.9611999140015586,-4.417281935493449,-1.976999054300451,Below full-sample baseline,Includes zero,False,,,17
Bayer Leverkusen,Edmond Fayçal Tapsoba,27,1872,0.9155982905982906,0.902067400090812,0.0135308905181623,0.0128550406598259,0.0925429679647436,16.3923211867523,0.8756581830530076,13.241656053049,0.7073534216372328,3.1506651565982,0.1683047626387927,0.7664129420912,0.0409408622911965,25.32982705,1.3530890518162393,True,0.8977911316555384,0.9320561940115244,0.8930388998477734,0.9101966746084234,0.2950476618753037,2.4244081956851518,0.7234663274014296,1.0274675587004665,0.629648064302654,0.7948436507593437,0.0140281860575384,0.3299814406669358,-0.2088162015595003,0.2836892218319374,High decision value / Low execution,-0.5357169151650102,2.682762938919516,2,16,-0.9528630592451951,1.1211678218839878,0.9668912453027335,1.282844499912131,Above full-sample baseline,Above xPass expectation,True,1,10,17
Bayer Leverkusen,Exequiel Alejandro Palacios,24,1972,0.9224137931034484,0.883995377239858,0.0384184158230223,0.0089329583329684,0.0880640627951318,8.3509938679304,0.4234783908686815,18.915331425542,0.959195305554868,-10.564337567054,-0.5357169151650102,-4.3369725954423,-0.2199276164017393,75.76111600300001,3.841841582302232,True,0.906691731015804,0.9349982806662636,0.8775963160350098,0.8902021922847945,2.464764988183192,5.018652978579491,0.3108617093232785,0.5317335532975814,0.8788714385173335,1.0386900835298942,-0.6487509277174786,-0.4236851579121057,-0.4245918543326009,-0.0382487238794519,High decision value / High execution,-0.5357169151650102,2.682762938919516,12,7,-0.9528630592451951,0.4171461440801849,0.30411213152771654,0.5291779013330894,Above full-sample baseline,Above xPass expectation,True,9,2,17
Bayer Leverkusen,Florian Wirtz,32,1772,0.8357787810383747,0.804035130030474,0.0317436509841986,0.0250522914974766,0.1072137042878103,16.60300032136133,0.9369639007540252,37.91079400526,2.139435327610609,-21.307793660874,-1.2024714255572235,-18.2930698448033,-1.0323402846954457,56.249749544,3.1743650984198646,True,0.8202372670624793,0.8523215384422206,0.7920729467619579,0.8163910394577816,1.9180084600305507,4.524874168735453,0.6929832145059088,1.188795170180583,1.9527013076249,2.318638962522709,-1.4077615136214054,-0.9990964093267612,-1.322440614598852,-0.7396190235302968,Low decision value / High execution,-0.5357169151650102,2.682762938919516,20,10,-0.9528630592451951,-0.24960836631202843,-0.45489845437621035,-0.04623335008156615,Below full-sample baseline,Above xPass expectation,True,15,5,17
Bayer Leverkusen,Granit Xhaka,33,3230,0.9213622291021673,0.8742049989009287,0.0471572303003096,0.0087624135199466,0.0939394807256965,8.0280262399042,0.2485457040218018,34.13492357527,1.0568087794201235,-26.106897301807003,-0.80826307435935,-15.6609480072763,-0.4848590714327028,152.31785387,4.71572303003096,True,0.9114005552625444,0.9304361185351951,0.8665632444066178,0.8820322332213085,3.7023464395416026,5.622797479230094,0.1219813419777186,0.3865231233579277,0.963217636096836,1.1566280592587694,-0.9384276798087088,-0.6742558150636921,-0.7122828665564593,-0.2695333972555724,Low decision value / High execution,-0.5357169151650102,2.682762938919516,15,3,-0.9528630592451951,0.14459998488584513,0.014435379436486317,0.27860724418150296,Above full-sample baseline,Above xPass expectation,True,11,1,17
Bayer Leverkusen,Gustavo Adolfo Puerta Molano,7,41,0.975609756097561,0.91919634,0.0564134160975609,0.0018854464692682,0.098846564707317,0.022711761508,0.0553945402634146,0.3095892753999999,0.7550957936585364,-0.286877518001,-0.6997012634170732,-0.0681178750599999,-0.1661411586829267,2.31295006,5.641341609756098,False,0.8571428571428571,1.0,0.8956187715168832,0.9429654890243904,-5.535986639697802,9.979543941483916,-1.655377976153846,1.2344809811029875,0.479821956861111,1.0005623325575868,-2.367149333392857,0.3334987968996747,-3.5087045311744505,1.403817013176818,Not eligible,,,13,2,-0.9528630592451951,0.2531617958281219,-1.4142862741476616,1.2863618561448698,Includes full-sample baseline,Includes zero,False,,,17
Bayer Leverkusen,Jeremie Frimpong,31,933,0.7717041800643086,0.8037168553001072,-0.0320126751607717,0.0492037754055504,0.1134359126623794,18.9218349680233,2.0280637693486927,21.924459152670003,2.349888440800643,-3.0026241703146,-0.3218246699158198,-15.07849185147,-1.616129887617363,-29.867825925,-3.20126751607717,True,0.7410580717599854,0.798968246526964,0.7876101674441561,0.8182828949117587,-5.598035792712559,-1.126652954865446,1.7327414293325998,2.341512819860146,2.1352313935925102,2.553686209245966,-0.6312868377512738,0.0018312402416908,-2.2511194080811934,-0.984540849338322,High decision value / Low execution,-0.5357169151650102,2.682762938919516,7,23,-0.9528630592451951,0.6310383893293753,0.3215762214939213,0.9546942994868859,Above full-sample baseline,Below xPass expectation,True,5,16,17
Bayer Leverkusen,Jonas Hofmann,32,1362,0.8362701908957415,0.8421815127643171,-0.0059113218795888,0.0181089408782833,0.1030410353869309,8.3007955110394,0.6094563517650073,22.465991069576,1.649485394241997,-14.165195532654,-1.040029040576652,-19.2386246089281,-1.4125275043265857,-8.051220400000002,-0.5911321879588841,True,0.8122422716140659,0.859168955375056,0.8297594161589746,0.8529657176168661,-2.389050191654913,1.287799540012506,0.373348580876071,0.8685643298094102,1.466855180348695,1.866529033015944,-1.2333959067598117,-0.833711272527925,-1.8635511856689229,-0.9870993441184268,Low decision value / Low execution,-0.5357169151650102,2.682762938919516,18,21,-0.9528630592451951,-0.08716598133145681,-0.2805328475146166,0.11915178671727011,Includes full-sample baseline,Includes zero,True,14,14,17
Bayer Leverkusen,Jonathan Tah,31,2137,0.9494618624239588,0.9112714530556856,0.03819040939635,0.0081415727641696,0.0913856272428638,12.0190771536533,0.562427569192948,14.260745110256,0.6673254614064577,-2.2416679446452,-0.1048978916539635,2.3267372483305,0.108878673295765,81.61290488,3.8190409396350025,True,0.9414397752554204,0.957747585648602,0.904293236229962,0.9167705442326878,3.0184134605665838,4.615188575443975,0.4668072400285876,0.6549398082947714,0.6157702239130427,0.7292637304473722,-0.1902193415025886,-0.0213420455536302,-0.0155571867383549,0.2260435888213469,High decision value / High execution,-0.5357169151650102,2.682762938919516,4,8,-0.9528630592451951,0.8479651675912316,0.7626437177426065,0.9315210136915649,Above full-sample baseline,Above xPass expectation,True,3,3,17
Bayer Leverkusen,Josip Stanišić,20,1017,0.8997050147492626,0.8754777749360865,0.0242272397541789,0.0139831352391435,0.10165646526647,7.019798857152999,0.6902457086679449,9.349661045204,0.9193373692432644,-2.3298621994882,-0.2290916616999213,-0.4328124653759997,-0.0425577645404129,24.63910283,2.4227239754178957,True,0.8802578415736311,0.9145247648114492,0.8616799541847906,0.8848484348104475,1.2693317055459148,3.4246984054880327,0.4531870679003331,0.9515579534816454,0.8020172948109927,1.0622181669850483,-0.4599999517149553,-0.0294548363824081,-0.3448794334702422,0.3251872470449635,High decision value / Low execution,-0.5357169151650102,2.682762938919516,5,13,-0.9528630592451951,0.7237713975452738,0.4928631075302398,0.923408222862787,Above full-sample baseline,Above xPass expectation,True,4,8,17
Bayer Leverkusen,Lukáš Hrádecký,33,693,0.8268398268398268,0.8238248258095238,0.0030150008571428,0.0072892753239191,0.1372744362828283,2.1098920862597,0.3044577325050072,8.02590188486,1.1581388001240982,-5.9160098123873,-0.8536810696085568,-4.295036037611999,-0.6197743200017315,2.0893955939999995,0.3015000857142856,True,0.7864321498394079,0.8687043460840961,0.7981333157565302,0.8513085279302982,-1.863501737525948,2.4925468016870727,0.2561926388546782,0.3516014771256642,1.0492344047351938,1.260453060354498,-0.9402337974312313,-0.7574155697934194,-0.8719411729032842,-0.3630931315249514,Low decision value / Low execution,-0.5357169151650102,2.682762938919516,16,18,-0.9528630592451951,0.09918198963663827,0.012629261813963844,0.1954474894517757,Above full-sample baseline,Includes zero,True,12,12,17
Bayer Leverkusen,Matěj Kovář,1,16,1.0,0.957829771875,0.042170228125,0.0027708909765,0.1882116140624999,0.0397818813949999,0.2486367587187499,0.1070297865,0.668936165625,-0.0672479059,-0.420299411875,0.044334255624,0.27708909765,0.67472365,4.2170228125,False,1.0,1.0,0.957829771875,0.957829771875,4.2170228125,4.2170228125,0.2486367587187499,0.2486367587187499,0.668936165625,0.668936165625,-0.420299411875,-0.420299411875,0.27708909765,0.27708909765,Not eligible,,,10,5,-0.9528630592451951,0.5325636473701951,0.5325636473701951,0.5325636473701951,Above full-sample baseline,Above xPass expectation,False,,,17
Bayer Leverkusen,Nadiem Amiri,7,96,0.9270833333333334,0.8857652570833334,0.0413180762499999,0.0013065559016666,0.0910951746874999,-0.08417612314,-0.0876834616041666,1.00277554,1.044557854166667,-1.08695167005,-1.1322413229687498,-0.74890894894,-0.7801134884791666,3.96653532,4.131807625,False,0.5555555555555556,0.968,0.69291899,0.9076104960780598,-14.57911894444445,6.515309444444443,-1.7015892669219923,1.0636516481215903,0.8868947458074756,2.5872482355,-3.5780289853016822,-0.9335335293782804,-4.513839544705882,-0.44092932468225,Not eligible,,,19,6,-0.9528630592451951,-0.1793782637235547,-2.625165926056487,0.01932952986691472,Includes full-sample baseline,Includes zero,False,,,17
Bayer Leverkusen,Nathan Tella,24,315,0.8031746031746032,0.8132689716825398,-0.0100943685079365,0.0421787730863333,0.109240234447619,5.221062589824001,1.6574801872457146,6.887809585178999,2.186606217517143,-1.6667469584999997,-0.5291260185714285,-1.5586958538350002,-0.4948240805825397,-3.17972608,-1.0094368507936506,True,0.75,0.8562909567496724,0.7788150889019096,0.8383753457549795,-4.902674931608051,3.289823933503787,0.8888171667737966,2.393578506328874,1.788690637578832,2.6787738058616326,-1.3773595203475866,0.238633149674542,-1.5407949273973491,0.5607525469193994,High decision value / Low execution,-0.5357169151650102,2.682762938919516,11,22,-0.9528630592451951,0.4237370406737666,-0.4244964611023915,1.1914962089197372,Includes full-sample baseline,Includes zero,True,8,15,17
Bayer Leverkusen,Noah Mbamba,3,19,1.0,0.9045468515789472,0.0954531484210526,0.0389370722105263,0.1112383224210526,0.325830951,1.7148997421052632,0.1930200348,1.01589492,0.1328109039999999,0.6990047578947367,0.739804372,3.893707221052632,1.81360982,9.54531484210526,False,1.0,1.0,0.89981784,0.9548129,4.51871,10.018216,-3.959646,2.192247270588235,0.3645528799999999,1.0561066294117645,-4.943283999999999,1.1361405764705883,-4.236392700000001,4.645683847058824,Not eligible,,,1,1,-0.9528630592451951,1.651867817139932,-3.990420940754804,2.0890036357157835,Includes full-sample baseline,Above xPass expectation,False,,,17
Bayer Leverkusen,Odilon Kossonou,21,1333,0.9039759939984996,0.9013396520555138,0.0026363420105026,0.0108930309723957,0.0900751878942235,9.806199234159,0.7356488547756189,9.272355472775,0.6956005605982746,0.5338436997259999,0.0400482895518379,-0.2636300362540001,-0.0197771970183045,3.514243900000001,0.2636342010502626,True,0.8821179198362349,0.9234313056856802,0.8919267819309151,0.9096953101953524,-1.3367016957666729,1.6724532480839245,0.6269735428284907,0.8471773672600659,0.6247315354142512,0.7753595459884026,-0.0681299078080758,0.1572379512639734,-0.2559846444317378,0.1899036304316121,High decision value / Low execution,-0.5357169151650102,2.682762938919516,3,19,-0.9528630592451951,0.992911348797033,0.8847331514371193,1.1101010105091684,Above full-sample baseline,Includes zero,True,2,13,17
Bayer Leverkusen,Patrik Schick,20,219,0.8127853881278538,0.7879716257990866,0.0248137621004566,-0.0096699034034246,0.1341856731141552,-3.14112466865,-1.4343035016666663,6.6114394125,3.018922106164384,-9.75256411099,-4.453225621456621,-9.15182972208,-4.178917681315069,5.434213900000001,2.4813762100456627,True,0.7527994436565942,0.8640837683563448,0.771677103520122,0.8066982139449534,-3.003074897884542,7.492612072388479,-2.430359838544853,-0.660768242762308,2.4895485207337598,3.5751806135358617,-5.813341456930751,-3.2362857245610046,-6.249541070530911,-2.705877995297291,Low decision value / Low execution,-0.5357169151650102,2.682762938919516,24,12,-0.9528630592451951,-3.500362562211426,-4.860478397685556,-2.2834226653158094,Below full-sample baseline,Includes zero,True,17,7,17
Bayer Leverkusen,Piero Martín Hincapié Reyna,25,1368,0.9239766081871345,0.88895602297076,0.0350205851798245,0.008591368242383,0.0881279952076023,5.8317176579776,0.4262951504369591,10.257406732437,0.7498104336576754,-4.425689059988,-0.3235152821628654,-1.4981814706659995,-0.1095161893761695,47.908160526,3.5020585179824564,True,0.8994642934641089,0.9451454257006876,0.8759104394213557,0.9001732052806867,1.7420629323029388,4.98828189012165,0.2975784219561438,0.5774611905851086,0.6638060185033918,0.8670010044779889,-0.4838201517266001,-0.179673135083088,-0.283725973922407,0.0563772138384342,High decision value / High execution,-0.5357169151650102,2.682762938919516,8,9,-0.9528630592451951,0.6293477770823297,0.469042907518595,0.7731899241621071,Above full-sample baseline,Above xPass expectation,True,6,4,17
Bayer Leverkusen,Robert Andrich,28,1462,0.902872777017784,0.8791342320793434,0.0237385449316005,0.0122404969392145,0.0941038428919288,8.2982176967663,0.5675935497104173,14.10481749911,0.9647617988447332,-5.806599806531,-0.397168249420725,-3.7018664915020008,-0.2532056423735979,34.705752690000004,2.373854493160055,True,0.8853725276666657,0.9196858477073764,0.8647645187317693,0.8926023691322649,1.2830354382424043,3.404471733753101,0.3422511431152096,0.7905940783544637,0.8235429927581387,1.1504595334974217,-0.6094562939566922,-0.1619970458839206,-0.491317136416193,-0.0018574137130269,High decision value / Low execution,-0.5357169151650102,2.682762938919516,9,14,-0.9528630592451951,0.5556948098244701,0.3434067652885029,0.7908660133612745,Above full-sample baseline,Above xPass expectation,True,7,9,17
Bayer Leverkusen,Victor Okoh Boniface,23,378,0.7301587301587301,0.782053447047619,-0.0518947171534391,0.0116466306214709,0.1249842838809523,-0.508187428846,-0.134441118742328,10.82706407432,2.864302665164021,-11.33525145314,-2.998743770671957,-14.471310354874,-3.8283889827708992,-19.616203084,-5.189471715343915,True,0.6774902252839322,0.7723577235772358,0.7512426141897091,0.8097115614570587,-9.428233298245452,-1.916481806317601,-0.6405025815074581,0.380494526413722,2.453599719686048,3.388618069234506,-3.588595153596345,-2.391419220869059,-4.6875556074794655,-2.861271724063104,Low decision value / Low execution,-0.5357169151650102,2.682762938919516,22,24,-0.9528630592451951,-2.045880711426762,-2.63573209435115,-1.4385561616238638,Below full-sample baseline,Below xPass expectation,True,16,17,17
