match_id,cohort,focal_team,season_source,competition_source,home_team_source,away_team_source
3829416,AS Monaco 2015/16,AS Monaco,2015/2016,Ligue 1,OGC Nice,AS Monaco
3829423,AS Monaco 2015/16,AS Monaco,2015/2016,Ligue 1,AS Monaco,Lille
3829439,AS Monaco 2015/16,AS Monaco,2015/2016,Ligue 1,Toulouse,AS Monaco
3829450,AS Monaco 2015/16,AS Monaco,2015/2016,Ligue 1,AS Monaco,Paris Saint-Germain
3829462,AS Monaco 2015/16,AS Monaco,2015/2016,Ligue 1,Gazélec Ajaccio,AS Monaco
3829469,AS Monaco 2015/16,AS Monaco,2015/2016,Ligue 1,AS Monaco,Lorient
3829481,AS Monaco 2015/16,AS Monaco,2015/2016,Ligue 1,Montpellier,AS Monaco
3829488,AS Monaco 2015/16,AS Monaco,2015/2016,Ligue 1,Guingamp,AS Monaco
3829501,AS Monaco 2015/16,AS Monaco,2015/2016,Ligue 1,AS Monaco,Rennes
3829502,AS Monaco 2015/16,AS Monaco,2015/2016,Ligue 1,AS Monaco,Lyon
3829520,AS Monaco 2015/16,AS Monaco,2015/2016,Ligue 1,Stade de Reims,AS Monaco
3900498,AS Monaco 2015/16,AS Monaco,2015/2016,Ligue 1,AS Monaco,Angers
3900508,AS Monaco 2015/16,AS Monaco,2015/2016,Ligue 1,Bordeaux,AS Monaco
3900515,AS Monaco 2015/16,AS Monaco,2015/2016,Ligue 1,AS Monaco,Nantes
3900527,AS Monaco 2015/16,AS Monaco,2015/2016,Ligue 1,Olympique de Marseille,AS Monaco
3900533,AS Monaco 2015/16,AS Monaco,2015/2016,Ligue 1,AS Monaco,Stade Malherbe Caen
3900541,AS Monaco 2015/16,AS Monaco,2015/2016,Ligue 1,Bastia,AS Monaco
3900558,AS Monaco 2015/16,AS Monaco,2015/2016,Ligue 1,AS Monaco,Saint-Étienne
3900564,AS Monaco 2015/16,AS Monaco,2015/2016,Ligue 1,Troyes,AS Monaco
3900572,AS Monaco 2015/16,AS Monaco,2015/2016,Ligue 1,AS Monaco,Gazélec Ajaccio
3900588,AS Monaco 2015/16,AS Monaco,2015/2016,Ligue 1,Lorient,AS Monaco
3900598,AS Monaco 2015/16,AS Monaco,2015/2016,Ligue 1,AS Monaco,Toulouse
3900604,AS Monaco 2015/16,AS Monaco,2015/2016,Ligue 1,Angers,AS Monaco
3900611,AS Monaco 2015/16,AS Monaco,2015/2016,Ligue 1,AS Monaco,Bastia
3900625,AS Monaco 2015/16,AS Monaco,2015/2016,Ligue 1,AS Monaco,OGC Nice
3900639,AS Monaco 2015/16,AS Monaco,2015/2016,Ligue 1,Saint-Étienne,AS Monaco
3901149,AS Monaco 2015/16,AS Monaco,2015/2016,Ligue 1,AS Monaco,Troyes
3901160,AS Monaco 2015/16,AS Monaco,2015/2016,Ligue 1,Nantes,AS Monaco
3901162,AS Monaco 2015/16,AS Monaco,2015/2016,Ligue 1,Stade Malherbe Caen,AS Monaco
3901174,AS Monaco 2015/16,AS Monaco,2015/2016,Ligue 1,AS Monaco,Stade de Reims
3901193,AS Monaco 2015/16,AS Monaco,2015/2016,Ligue 1,Paris Saint-Germain,AS Monaco
3901194,AS Monaco 2015/16,AS Monaco,2015/2016,Ligue 1,AS Monaco,Bordeaux
3901212,AS Monaco 2015/16,AS Monaco,2015/2016,Ligue 1,Lille,AS Monaco
3901223,AS Monaco 2015/16,AS Monaco,2015/2016,Ligue 1,AS Monaco,Olympique de Marseille
3901231,AS Monaco 2015/16,AS Monaco,2015/2016,Ligue 1,Rennes,AS Monaco
3901238,AS Monaco 2015/16,AS Monaco,2015/2016,Ligue 1,AS Monaco,Guingamp
3901252,AS Monaco 2015/16,AS Monaco,2015/2016,Ligue 1,Lyon,AS Monaco
3901256,AS Monaco 2015/16,AS Monaco,2015/2016,Ligue 1,AS Monaco,Montpellier
266149,Athletic Club 2015/16,Athletic Club,2015/2016,La Liga,Barcelona,Athletic Club
266236,Athletic Club 2015/16,Athletic Club,2015/2016,La Liga,Athletic Club,Barcelona
3825578,Athletic Club 2015/16,Athletic Club,2015/2016,La Liga,Eibar,Athletic Club
3825587,Athletic Club 2015/16,Athletic Club,2015/2016,La Liga,Athletic Club,Getafe
3825595,Athletic Club 2015/16,Athletic Club,2015/2016,La Liga,Villarreal,Athletic Club
3825602,Athletic Club 2015/16,Athletic Club,2015/2016,La Liga,Athletic Club,Real Madrid
3825609,Athletic Club 2015/16,Athletic Club,2015/2016,La Liga,Real Sociedad,Athletic Club
3825622,Athletic Club 2015/16,Athletic Club,2015/2016,La Liga,Athletic Club,Valencia
3825630,Athletic Club 2015/16,Athletic Club,2015/2016,La Liga,RC Deportivo La Coruña,Athletic Club
3825641,Athletic Club 2015/16,Athletic Club,2015/2016,La Liga,Athletic Club,Sporting Gijón
3825650,Athletic Club 2015/16,Athletic Club,2015/2016,La Liga,Real Betis,Athletic Club
3825659,Athletic Club 2015/16,Athletic Club,2015/2016,La Liga,Athletic Club,Espanyol
3825665,Athletic Club 2015/16,Athletic Club,2015/2016,La Liga,Granada,Athletic Club
3825675,Athletic Club 2015/16,Athletic Club,2015/2016,La Liga,Rayo Vallecano,Athletic Club
3825686,Athletic Club 2015/16,Athletic Club,2015/2016,La Liga,Athletic Club,Málaga
3825693,Athletic Club 2015/16,Athletic Club,2015/2016,La Liga,Atlético Madrid,Athletic Club
3825703,Athletic Club 2015/16,Athletic Club,2015/2016,La Liga,Athletic Club,Levante UD
3825706,Athletic Club 2015/16,Athletic Club,2015/2016,La Liga,Celta Vigo,Athletic Club
3825719,Athletic Club 2015/16,Athletic Club,2015/2016,La Liga,Athletic Club,Las Palmas
3825726,Athletic Club 2015/16,Athletic Club,2015/2016,La Liga,Sevilla,Athletic Club
3825747,Athletic Club 2015/16,Athletic Club,2015/2016,La Liga,Athletic Club,Eibar
3825751,Athletic Club 2015/16,Athletic Club,2015/2016,La Liga,Getafe,Athletic Club
3825761,Athletic Club 2015/16,Athletic Club,2015/2016,La Liga,Athletic Club,Villarreal
3825770,Athletic Club 2015/16,Athletic Club,2015/2016,La Liga,Real Madrid,Athletic Club
3825783,Athletic Club 2015/16,Athletic Club,2015/2016,La Liga,Athletic Club,Real Sociedad
3825793,Athletic Club 2015/16,Athletic Club,2015/2016,La Liga,Valencia,Athletic Club
3825797,Athletic Club 2015/16,Athletic Club,2015/2016,La Liga,Athletic Club,RC Deportivo La Coruña
3825808,Athletic Club 2015/16,Athletic Club,2015/2016,La Liga,Sporting Gijón,Athletic Club
3825821,Athletic Club 2015/16,Athletic Club,2015/2016,La Liga,Espanyol,Athletic Club
3825829,Athletic Club 2015/16,Athletic Club,2015/2016,La Liga,Athletic Club,Rayo Vallecano
3825835,Athletic Club 2015/16,Athletic Club,2015/2016,La Liga,Málaga,Athletic Club
3825838,Athletic Club 2015/16,Athletic Club,2015/2016,La Liga,Athletic Club,Atlético Madrid
3825842,Athletic Club 2015/16,Athletic Club,2015/2016,La Liga,Levante UD,Athletic Club
3825844,Athletic Club 2015/16,Athletic Club,2015/2016,La Liga,Athletic Club,Real Betis
3825866,Athletic Club 2015/16,Athletic Club,2015/2016,La Liga,Las Palmas,Athletic Club
3825869,Athletic Club 2015/16,Athletic Club,2015/2016,La Liga,Athletic Club,Sevilla
3825870,Athletic Club 2015/16,Athletic Club,2015/2016,La Liga,Athletic Club,Celta Vigo
3825877,Athletic Club 2015/16,Athletic Club,2015/2016,La Liga,Athletic Club,Granada
3895052,Bayer Leverkusen 2023/24,Bayer Leverkusen,2023/2024,1. Bundesliga,Bayer Leverkusen,RB Leipzig
3895060,Bayer Leverkusen 2023/24,Bayer Leverkusen,2023/2024,1. Bundesliga,Borussia Mönchengladbach,Bayer Leverkusen
3895067,Bayer Leverkusen 2023/24,Bayer Leverkusen,2023/2024,1. Bundesliga,Bayer Leverkusen,Darmstadt 98
3895074,Bayer Leverkusen 2023/24,Bayer Leverkusen,2023/2024,1. Bundesliga,Bayern Munich,Bayer Leverkusen
3895086,Bayer Leverkusen 2023/24,Bayer Leverkusen,2023/2024,1. Bundesliga,Bayer Leverkusen,FC Heidenheim
3895095,Bayer Leverkusen 2023/24,Bayer Leverkusen,2023/2024,1. Bundesliga,FSV Mainz 05,Bayer Leverkusen
3895107,Bayer Leverkusen 2023/24,Bayer Leverkusen,2023/2024,1. Bundesliga,Bayer Leverkusen,FC Köln
3895113,Bayer Leverkusen 2023/24,Bayer Leverkusen,2023/2024,1. Bundesliga,Wolfsburg,Bayer Leverkusen
3895121,Bayer Leverkusen 2023/24,Bayer Leverkusen,2023/2024,1. Bundesliga,Bayer Leverkusen,Freiburg
3895134,Bayer Leverkusen 2023/24,Bayer Leverkusen,2023/2024,1. Bundesliga,Hoffenheim,Bayer Leverkusen
3895139,Bayer Leverkusen 2023/24,Bayer Leverkusen,2023/2024,1. Bundesliga,Bayer Leverkusen,Union Berlin
3895153,Bayer Leverkusen 2023/24,Bayer Leverkusen,2023/2024,1. Bundesliga,Werder Bremen,Bayer Leverkusen
3895158,Bayer Leverkusen 2023/24,Bayer Leverkusen,2023/2024,1. Bundesliga,Bayer Leverkusen,Borussia Dortmund
3895167,Bayer Leverkusen 2023/24,Bayer Leverkusen,2023/2024,1. Bundesliga,VfB Stuttgart,Bayer Leverkusen
3895180,Bayer Leverkusen 2023/24,Bayer Leverkusen,2023/2024,1. Bundesliga,Bayer Leverkusen,Eintracht Frankfurt
3895182,Bayer Leverkusen 2023/24,Bayer Leverkusen,2023/2024,1. Bundesliga,Bayer Leverkusen,Bochum
3895194,Bayer Leverkusen 2023/24,Bayer Leverkusen,2023/2024,1. Bundesliga,Augsburg,Bayer Leverkusen
3895202,Bayer Leverkusen 2023/24,Bayer Leverkusen,2023/2024,1. Bundesliga,RB Leipzig,Bayer Leverkusen
3895210,Bayer Leverkusen 2023/24,Bayer Leverkusen,2023/2024,1. Bundesliga,Bayer Leverkusen,Borussia Mönchengladbach
3895220,Bayer Leverkusen 2023/24,Bayer Leverkusen,2023/2024,1. Bundesliga,Darmstadt 98,Bayer Leverkusen
3895232,Bayer Leverkusen 2023/24,Bayer Leverkusen,2023/2024,1. Bundesliga,Bayer Leverkusen,Bayern Munich
3895244,Bayer Leverkusen 2023/24,Bayer Leverkusen,2023/2024,1. Bundesliga,FC Heidenheim,Bayer Leverkusen
3895250,Bayer Leverkusen 2023/24,Bayer Leverkusen,2023/2024,1. Bundesliga,Bayer Leverkusen,FSV Mainz 05
3895258,Bayer Leverkusen 2023/24,Bayer Leverkusen,2023/2024,1. Bundesliga,FC Köln,Bayer Leverkusen
3895266,Bayer Leverkusen 2023/24,Bayer Leverkusen,2023/2024,1. Bundesliga,Bayer Leverkusen,Wolfsburg
3895275,Bayer Leverkusen 2023/24,Bayer Leverkusen,2023/2024,1. Bundesliga,Freiburg,Bayer Leverkusen
3895286,Bayer Leverkusen 2023/24,Bayer Leverkusen,2023/2024,1. Bundesliga,Bayer Leverkusen,Hoffenheim
3895292,Bayer Leverkusen 2023/24,Bayer Leverkusen,2023/2024,1. Bundesliga,Union Berlin,Bayer Leverkusen
3895302,Bayer Leverkusen 2023/24,Bayer Leverkusen,2023/2024,1. Bundesliga,Bayer Leverkusen,Werder Bremen
3895309,Bayer Leverkusen 2023/24,Bayer Leverkusen,2023/2024,1. Bundesliga,Borussia Dortmund,Bayer Leverkusen
3895320,Bayer Leverkusen 2023/24,Bayer Leverkusen,2023/2024,1. Bundesliga,Bayer Leverkusen,VfB Stuttgart
3895333,Bayer Leverkusen 2023/24,Bayer Leverkusen,2023/2024,1. Bundesliga,Eintracht Frankfurt,Bayer Leverkusen
3895340,Bayer Leverkusen 2023/24,Bayer Leverkusen,2023/2024,1. Bundesliga,Bochum,Bayer Leverkusen
3895348,Bayer Leverkusen 2023/24,Bayer Leverkusen,2023/2024,1. Bundesliga,Bayer Leverkusen,Augsburg
