variable,type,definition,role_in_analysis,notes
match_id,identifier,Unique match identifier used to group events and prevent train-test leakage across the same match.,"Grouping key for model splitting, OOF prediction, and match-level summaries.","If match_id is unavailable, a composite match key should be constructed from teams, date, season, and competition."
possession,identifier,Identifier of the possession sequence to which an event belongs.,Used to keep continuation-value windows within the same possession sequence.,Sliding windows for receiver continuation value should not cross possession or match boundaries.
team,categorical,"Team in possession or team performing the pass, depending on the source table convention.",Used for descriptive and case-study summaries; optional in xPass modeling depending on generalisability assumptions.,Including team identifiers in xPass may improve prediction but can reduce interpretability as a pure pass-difficulty model.
player,categorical,Player who performed the pass.,Used to estimate passer marginal contribution from out-of-fold residuals.,Player-level estimates should be shrunk toward zero to reduce instability for low-volume players.
minute,numeric,Match minute of the passing event.,Used as a temporal feature and for event ordering.,Should be numeric and combined with second for chronological sorting.
second,numeric,Second within the match minute of the passing event.,Used as a temporal feature and for event ordering.,Should be numeric and combined with minute for chronological sorting.
location,coordinate,Start location of the pass in StatsBomb coordinate format.,Parsed into start x and y coordinates for xPass features and spatial value calculation.,"Coordinates should be checked and, if necessary, transformed so that attacking direction is consistently left to right."
pass_end_location,coordinate,End location of the pass in StatsBomb coordinate format.,Parsed into end x and y coordinates for pass geometry and spatial value calculation.,Missing end locations should be excluded or handled consistently before modeling.
sx,numeric,Raw pass start x-coordinate.,Intermediate coordinate used to compute normalized start location and pass geometry.,StatsBomb pitch length is commonly treated as 120 units.
sy,numeric,Raw pass start y-coordinate.,Intermediate coordinate used to compute normalized start location and pass geometry.,StatsBomb pitch width is commonly treated as 80 units.
ex,numeric,Raw pass end x-coordinate.,Intermediate coordinate used to compute normalized end location and pass geometry.,Used with sx to calculate pass length and progression.
ey,numeric,Raw pass end y-coordinate.,Intermediate coordinate used to compute normalized end location and pass geometry.,Used with sy to calculate pass angle and lateral movement.
xs,numeric,Normalized pass start x-coordinate on a 0 to 1 scale.,Input to the spatial value function and continuation-value model.,Calculated as sx divided by pitch length.
ys,numeric,Normalized pass start y-coordinate on a 0 to 1 scale.,Input to the spatial value function and continuation-value model.,Calculated as sy divided by pitch width.
xe,numeric,Normalized pass end x-coordinate on a 0 to 1 scale.,Input to the spatial value function and continuation-value model.,Calculated as ex divided by pitch length.
ye,numeric,Normalized pass end y-coordinate on a 0 to 1 scale.,Input to the spatial value function and continuation-value model.,Calculated as ey divided by pitch width.
success,binary,"Pass outcome indicator, where 1 denotes a completed pass and 0 denotes an incomplete pass.",Target variable for xPass training and residual calculation.,"For StatsBomb event data, pass_outcome is typically missing for completed passes."
pass_length_calc,numeric,Euclidean pass length calculated from start and end coordinates.,Core pass-geometry feature for xPass and turnover proxy estimation.,May differ slightly from provider-supplied pass_length if coordinate parsing or orientation differs.
abs_angle,numeric,"Absolute pass angle, usually calculated from the arctangent of vertical and horizontal displacement.",Used to represent pass direction difficulty and turnover-location uncertainty.,Should be consistently calculated after coordinate orientation.
underP,binary,Indicator of whether the passer was under defensive pressure at the time of the pass.,"Used in xPass prediction, stratified analysis, and turnover proxy estimation.",Derived from the under_pressure field when available.
len_cos,numeric,"Forward component of pass displacement or pass length multiplied by cosine of pass angle, depending on script context.",Used as a compact directional feature in xPass and continuation-value modeling.,Positive values generally indicate forward progression when coordinates are oriented left to right.
is_first_half,binary,Indicator for whether the event occurred before minute 45.,Temporal feature used to capture coarse match-period differences.,Can be replaced by more detailed time-period indicators if needed.
xpass_prob,numeric,Estimated probability that the pass will be completed given its context.,Defines pass success probability and is used to compute risk and expected reward.,"For the analytical sample, this should preferably be an out-of-fold prediction grouped by match."
xpass_pred_oof,numeric,Out-of-fold xPass probability predicted for events held out at match level.,Recommended probability input for risk-reward calculation and passer residual estimation.,Prevents the downstream framework from relying on in-sample predictions.
xpass_pred_calib,numeric,Calibrated xPass probability from the final fitted xPass model.,Useful for model deployment or prediction on future data.,"If computed on the same training sample, it should not replace OOF xPass for residual-based analyses."
risk,numeric,"Failure probability of the pass, calculated as 1 minus xpass_prob.",Main risk dimension in the risk-reward framework.,Values are usually clipped away from exactly 0 and 1 for numerical stability.
EPV_start,numeric,Spatial value of the pass start location based on the EPV-like spatial value proxy.,Used to calculate direct spatial progression gain.,"This is a location-based proxy, not a full tracking-data EPV model."
EPV_end,numeric,Spatial value of the pass end location based on the EPV-like spatial value proxy.,Used to calculate direct spatial progression gain.,The difference EPV_end minus EPV_start represents immediate spatial gain.
EPV_opp_start,numeric,Opponent-oriented spatial value at the mirrored pass start location.,Auxiliary component of failure-cost estimation.,Used to stabilize the cost estimate rather than treating the turnover point as the only consequence.
EPV_opp_end,numeric,Opponent-oriented spatial value at the mirrored pass end location.,Auxiliary component of failure-cost estimation.,Represents the potential danger if possession is lost close to the intended destination.
cv_obs,numeric,"Observed continuation-value label for successful passes, computed from short-horizon future value changes within the same possession.",Training target for receiver continuation-value modeling.,Defined only for successful passes to avoid mixing possession termination with post-success continuation quality.
receiver_CV_cond,numeric,Predicted continuation value conditional on pass completion.,Included in GainOnSuccess as a short-horizon contribution beyond immediate spatial gain.,Estimated from within-possession event sequences and treated as conditional on success.
passer_marginal,numeric,Shrunken player-level residual contribution based on success minus xPass probability.,Modest adjustment term for individual passer ability in GainOnSuccess.,Should be estimated out of fold and shrunk toward zero to reduce in-sample and low-volume bias.
turnover_x_ratio,numeric,Estimated normalized x-coordinate of the proxy turnover point along the pass trajectory.,Used to calculate the main opponent spatial value component of CostOnFailure.,This is a heuristic proxy because event data usually do not contain the exact interception point.
turnover_y_ratio,numeric,Estimated normalized y-coordinate of the proxy turnover point along the pass trajectory.,Used to calculate the main opponent spatial value component of CostOnFailure.,Should be interpreted as a proxy rather than an observed defensive action location.
EPV_opp_turnover,numeric,Opponent-oriented spatial value at the estimated turnover proxy point.,Primary component of CostOnFailure.,Given greater weight than start and end opponent values in the baseline specification.
GainOnSuccess,numeric,"Conditional gain if the pass is completed, combining immediate spatial gain, receiver continuation value, and passer marginal contribution.",Reward component of the expected reward equation.,Baseline form: direct spatial gain + lambda_cv × receiver_CV_cond + passer_weight × passer_marginal.
CostOnFailure,numeric,"Estimated spatial cost if the pass fails, based primarily on the opponent value at the turnover proxy point.",Failure-cost component of the expected reward equation.,Baseline form: 0.70 × EPV_opp_turnover + 0.15 × EPV_opp_start + 0.15 × EPV_opp_end.
expected_reward,numeric,Ex ante expected net reward of the pass.,Main outcome variable of the risk-reward framework.,Baseline form: xpass_prob × GainOnSuccess - (1 - xpass_prob) × CostOnFailure.
net_risk_reward_ratio,numeric,Expected reward divided by risk.,Auxiliary ratio used to describe reward efficiency relative to failure exposure.,Should be interpreted cautiously for very low-risk passes because the denominator is small.
